Year,Count of Fatalities,Fatality Rate
2000,316,100
2001,354,112.0253165
2002,405,126.4320961
2003,436,134.0864171
2004,483,144.8662336
2005,527,153.9759645
2006,555,159.2890574
2007,522,153.3431115
2008,547,158.1323835
2009,597,167.2731514
2010,625,171.9632686
2011,779,196.6032686
2012,764,194.677723
2013,1081,236.1698696
2014,1081,236.1698696
2015,2121,332.3770852
2016,1298,293.5746335
